,"First Name","Last Name",Role,Manager,
("Jarvis","Robbins",1,4),
("Emmie","Gutierrez",2,4),
("Madina","Portillo",3,4),
("Fatma","Gough",4,5),
("Najma","Odling",5,null),
("Katrina","Hassan",6,9),
("Kavan","Blackburn",7,9),
("Ember","Witt",8,9),
("Taine","Perry",9,10),
("Kendrick","Whitworth",10,11),
("Elle","Sherman",11,null),
("Franciszek","Martins",12,15),
("Muna","Dougherty",13,15),
("Izaac","Hook",14,15),
("Teri","Cartwright",15,16),
("Niall","Bautista",16,null),
("Ikra","Bellamy",17,17),
("Alara","Compton",18,18),
("Haider","Duggan",19,19),
("Bertram","Browne",20,null),
("Winston","Proctor",21,24),
("Farrah","Pollard",22,24),
("Haris","Dalby",23,24),
("Korban","Fenton",24,24),
("Hebe","Simon",25,25),
("Charly","Maldonado",26,null),
("Fabien","Ward",27,30),
("Nathanial","Copeland",28,30),
("Alberto","Stuart",29,30),
("Mandeep","Childs",30,31),
("Reilly","Moss",31,null),
("Mateo","Bellamy",32,35),
("Oriana","Simmonds",33,35),
("Salma","Rosas",34,35),
("Francesco","Ventura",35,36),
("Lilly-Ann","Lugo",36,null),
("Jade","Lowe",37,39),
("Artur","Fuller",38,39),
("Zaynah","Pineda",39,40),
("Erin","Parry",40,41),
("Isaak","Lynch",41,null),
("Jarred","Bailey",42,46),
("Antony","Hudson",43,46),
("Saim","Burke",44,46),
("Katlyn","Guy",45,46),
("Inigo","Blanchard",46,47),
("Pamela","Ford",47,null),
("Dionne","Oneil",1,52),
("Josie","Hampton",1,4),
("Esme","Edmonds",2,52),
("Jem","Webster",3,4),
("Annalise","Michael",4,5),
("Monica","Espinosa",6,9),
("Preston","Riley",6,9),
("Elen","Mcgrath",7,9),
("Jillian","Sheehan",8,9),
("Angus","Atherton",12,15),
("Zakaria","Galindo",13,15),
("Layton","Richardson",14,15),
("Ned","Lennon",14,15),
("Monty","Wall",18,63),
("Janice","Rowland",18,63),
("Jocelyn","Key",19,20),
("Sol","Harrington",21,24),
("Fleur","Howells",21,69),
("Jedd","Oneal",21,69),
("Riley-Jay","Clayton",23,24),
("Jay-Jay","Cano",23,69),
("Taryn","Weber",24,25),
("Margaret","Gibbons",27,30),
("Kerri","Rangel",28,30),
("Jevan","Lister",28,30),
("Massimo","Lawrence",32,35),
("Manav","Appleton",33,35),
("Danyaal","Kidd",33,35),
("Haydn","Robbins",34,35),
("Jannat","Palacios",37,39),
("Mabel","Hayden",37,39),
("Bertram","Key",37,81),
("Millicent","Kent",38,81),
("Vera","Clay",39,40),
("Tracy","Vaughan",42,46),
("Kasim","Lowry",42,46),
("Shyam","Lane",42,87),
("Ellie-Rose","Wilson",43,46),
("Andrew","Randall",44,87),
("Marisa","Mcgowan",44,87),
("Max","Gaines",46,47),
